doi,title,publication_date,source_url,tokens_without_references,tokens_with_references,words_with_references,characters_with_references,reference_count,xml_bytes,xml_sha256,full_text_sha256,full_text_path,without_references_path,license
10.1371/journal.pone.0300001,Audit and feedback to change diagnostic image ordering practices: A systematic review and meta-analysis,2024-06-05,https://journals.plos.org/plosone/article/file?id=10.1371/journal.pone.0300001&type=manuscript,11327,14767,9678,63988,49,235557,8e50278b9c6d5551eff31b56e67927491ceeeb9f010e37f7897efac0479786f8,353e147ad230b64ca6eb817a81d67e43526fa3bc927e86c87ac40dff6055faa7,text/0300001.full.txt,text/0300001.without-references.txt,"This is an open access article distributed under the terms of the Creative Commons Attribution License, which permits unrestricted use, distribution, and reproduction in any medium, provided the original author and source are credited."
10.1371/journal.pone.0300003,"Validity, reliability, and readability of single-item and short physical activity questionnaires for use in surveillance: A systematic review",2024-03-12,https://journals.plos.org/plosone/article/file?id=10.1371/journal.pone.0300003&type=manuscript,7803,11777,7735,53689,59,122854,b83956b1d7cdbccaa5affae8805ade54f09d08d0c5eec9a70d206a9e11642780,bc37a223bbe0e8674a08f3aa7cdf8cddf5ddce7f317cd31a2d9ec3fda7a3195f,text/0300003.full.txt,text/0300003.without-references.txt,"This is an open access article distributed under the terms of the Creative Commons Attribution License, which permits unrestricted use, distribution, and reproduction in any medium, provided the original author and source are credited."
10.1371/journal.pone.0300004,Coping strategies of psychiatrists and psychiatry trainees following patient suicide and suicide attempt: A national cross-sectional study in Saudi Arabia,2024-03-07,https://journals.plos.org/plosone/article/file?id=10.1371/journal.pone.0300004&type=manuscript,6552,9695,5705,39281,47,94577,3e759d397002ad74b127bba2e250c5d29ea9533a197484f6525ffc03293d7612,5c3cf2c650f2f71f5e6a767acb6c370df1cc49b97f928f36730cae5c3c0cf448,text/0300004.full.txt,text/0300004.without-references.txt,"This is an open access article distributed under the terms of the Creative Commons Attribution License, which permits unrestricted use, distribution, and reproduction in any medium, provided the original author and source are credited."
10.1371/journal.pone.0300005,Development and validation of the Michigan Chronic Disease Simulation Model (MICROSIM),2024-05-16,https://journals.plos.org/plosone/article/file?id=10.1371/journal.pone.0300005&type=manuscript,12134,16239,10474,73942,61,209855,475085e912cfcc1432614dfcc8ab5e0bd7d8cec058ca5874ea91d09200eca7af,110c85302be39abc0f0e32d1bb011e7dd1f62183320d6cb1f339d05c857128e0,text/0300005.full.txt,text/0300005.without-references.txt,"This is an open access article distributed under the terms of the Creative Commons Attribution License, which permits unrestricted use, distribution, and reproduction in any medium, provided the original author and source are credited."
10.1371/journal.pone.0300006,LEDT and Idebenone treatment modulate autophagy and improve regenerative capacity in the dystrophic muscle through an AMPK-pathway,2024-03-18,https://journals.plos.org/plosone/article/file?id=10.1371/journal.pone.0300006&type=manuscript,12281,16395,8692,59412,53,143624,a3cc2be14ea661eb02924dc07f3a71166d8716c25b987625b31e0861301d7366,bf9c889e2fc868b127cf3a2d3e99091544a046143de75f89b12dc059817406fe,text/0300006.full.txt,text/0300006.without-references.txt,"This is an open access article distributed under the terms of the Creative Commons Attribution License, which permits unrestricted use, distribution, and reproduction in any medium, provided the original author and source are credited."
10.1371/journal.pone.0300007,Beyond the classroom walls: Stakeholder experiences with remote instruction in Post RN baccalaureate nursing program during the COVID-19 pandemic: A qualitative inquiry,2024-04-04,https://journals.plos.org/plosone/article/file?id=10.1371/journal.pone.0300007&type=manuscript,10961,15006,10553,75044,59,142114,87a2af3bf87b121c822829cb9c92570ac4246c37a7686724e88cba9b7bcabae3,d42e10b493531d6b3d6d490339ac97d8f9fcabe33528e7eba41775ce55928d97,text/0300007.full.txt,text/0300007.without-references.txt,"This is an open access article distributed under the terms of the Creative Commons Attribution License, which permits unrestricted use, distribution, and reproduction in any medium, provided the original author and source are credited."
10.1371/journal.pone.0300008,Recommendations for increasing yield of the edible Pinus pinea L. pine nuts,2024-03-05,https://journals.plos.org/plosone/article/file?id=10.1371/journal.pone.0300008&type=manuscript,4727,9364,5202,32826,67,96494,62f10d429307ae0d32864578024ed8c9d0692487b0c7415aa83adb8b3513e4e2,9a61e440e19fcf72b88f048bd8ce94790fdf6852daaf0d52c337a9c6121eaacd,text/0300008.full.txt,text/0300008.without-references.txt,"This is an open access article distributed under the terms of the Creative Commons Attribution License, which permits unrestricted use, distribution, and reproduction in any medium, provided the original author and source are credited."
10.1371/journal.pone.0300009,Antidiabetic drug administration prevents bone mineral density loss: Evidence from a two-sample Mendelian randomization study,2024-03-07,https://journals.plos.org/plosone/article/file?id=10.1371/journal.pone.0300009&type=manuscript,6546,8662,5519,37251,33,81273,a622ca8cc92d50be76902a716557a347da71ccf57c203f06ae8e522c44880a80,5e7a931903d69d81b05bef81d322d829e8fe6e73d72597420bfee90a2029d905,text/0300009.full.txt,text/0300009.without-references.txt,"This is an open access article distributed under the terms of the Creative Commons Attribution License, which permits unrestricted use, distribution, and reproduction in any medium, provided the original author and source are credited."
10.1371/journal.pone.0300010,Combination prediction method of students’ performance based on ant colony algorithm,2024-03-11,https://journals.plos.org/plosone/article/file?id=10.1371/journal.pone.0300010&type=manuscript,8300,10804,7684,51281,49,115511,41f9917dbc89a7d79d6e8680901a0e95e0609a3277c86e92de91e3e2a8e20a85,a23b1bf3991b3366905cb7052104cb3ef58f6b84f64205bfb1cbca9ac4fcf4ef,text/0300010.full.txt,text/0300010.without-references.txt,"This is an open access article distributed under the terms of the Creative Commons Attribution License, which permits unrestricted use, distribution, and reproduction in any medium, provided the original author and source are credited."
10.1371/journal.pone.0300011,"HEBE project: Healthy aging versus inflamm-aging: The role of physical exercise in modulating the biomarkers of age-associated and environmentally determined chronic diseases, study protocol",2024-04-30,https://journals.plos.org/plosone/article/file?id=10.1371/journal.pone.0300011&type=manuscript,7020,9839,6229,43913,38,151505,56405678d95eeee6a9a7d77bfc1b347c070b4d0dc4dda4120e390073e8695419,087f40884517b550411c64edf82288f2cc3416cf8400b4601c2f910c48ae3fa7,text/0300011.full.txt,text/0300011.without-references.txt,"This is an open access article distributed under the terms of the Creative Commons Attribution License, which permits unrestricted use, distribution, and reproduction in any medium, provided the original author and source are credited."
